{
  "Partido" : {
    "transaction" : "Partido",
    "sampleCount" : 5453,
    "errorCount" : 4088,
    "errorPct" : 74.96791,
    "meanResTime" : 6507.398679625887,
    "minResTime" : 42.0,
    "maxResTime" : 33283.0,
    "pct1ResTime" : 10979.0,
    "pct2ResTime" : 15962.0,
    "pct3ResTime" : 31061.46,
    "throughput" : 27.848424493131095,
    "receivedKBytesPerSec" : 55.405216831686324,
    "sentKBytesPerSec" : 2.6549872165619735
  },
  "Total" : {
    "transaction" : "Total",
    "sampleCount" : 22483,
    "errorCount" : 17375,
    "errorPct" : 77.28061,
    "meanResTime" : 7932.511453097904,
    "minResTime" : 42.0,
    "maxResTime" : 33283.0,
    "pct1ResTime" : 16007.600000000006,
    "pct2ResTime" : 25431.9,
    "pct3ResTime" : 31043.0,
    "throughput" : 109.92626926386608,
    "receivedKBytesPerSec" : 229.78323490548973,
    "sentKBytesPerSec" : 9.835579320129762
  },
  "Login" : {
    "transaction" : "Login",
    "sampleCount" : 6160,
    "errorCount" : 4613,
    "errorPct" : 74.88636,
    "meanResTime" : 12173.661201298684,
    "minResTime" : 365.0,
    "maxResTime" : 33171.0,
    "pct1ResTime" : 30029.0,
    "pct2ResTime" : 33044.9,
    "pct3ResTime" : 33074.0,
    "throughput" : 30.118125635609793,
    "receivedKBytesPerSec" : 61.109699069320584,
    "sentKBytesPerSec" : 3.2278922002733124
  },
  "Page Returning 404" : {
    "transaction" : "Page Returning 404",
    "sampleCount" : 5281,
    "errorCount" : 3930,
    "errorPct" : 74.417725,
    "meanResTime" : 6071.3397083885675,
    "minResTime" : 247.0,
    "maxResTime" : 33076.0,
    "pct1ResTime" : 11068.8,
    "pct2ResTime" : 15440.9,
    "pct3ResTime" : 25449.18,
    "throughput" : 28.86612589369657,
    "receivedKBytesPerSec" : 57.743061083272295,
    "sentKBytesPerSec" : 2.790864113368279
  },
  "Pessoa" : {
    "transaction" : "Pessoa",
    "sampleCount" : 5589,
    "errorCount" : 4744,
    "errorPct" : 84.88102,
    "meanResTime" : 6407.105385578808,
    "minResTime" : 97.0,
    "maxResTime" : 33048.0,
    "pct1ResTime" : 10915.0,
    "pct2ResTime" : 15822.5,
    "pct3ResTime" : 31042.1,
    "throughput" : 28.814773951733063,
    "receivedKBytesPerSec" : 67.46435088457592,
    "sentKBytesPerSec" : 1.654959845756665
  }
}