{
  "Pessoa sem cache" : {
    "transaction" : "Pessoa sem cache",
    "sampleCount" : 1066,
    "errorCount" : 10,
    "errorPct" : 0.93808633,
    "meanResTime" : 3490.6332082551594,
    "minResTime" : 621.0,
    "maxResTime" : 13970.0,
    "pct1ResTime" : 7846.3,
    "pct2ResTime" : 8108.049999999999,
    "pct3ResTime" : 10060.919999999998,
    "throughput" : 8.79429113558553,
    "receivedKBytesPerSec" : 11.877284809017036,
    "sentKBytesPerSec" : 3.3945365672565275
  },
  "Partido" : {
    "transaction" : "Partido",
    "sampleCount" : 1034,
    "errorCount" : 0,
    "errorPct" : 0.0,
    "meanResTime" : 97.85976789168281,
    "minResTime" : 1.0,
    "maxResTime" : 1940.0,
    "pct1ResTime" : 207.0,
    "pct2ResTime" : 258.0,
    "pct3ResTime" : 396.9500000000003,
    "throughput" : 9.476935485349244,
    "receivedKBytesPerSec" : 3.135629617027322,
    "sentKBytesPerSec" : 3.609379725865435
  },
  "Total" : {
    "transaction" : "Total",
    "sampleCount" : 5333,
    "errorCount" : 11,
    "errorPct" : 0.20626289,
    "meanResTime" : 2089.4575285955393,
    "minResTime" : 0.0,
    "maxResTime" : 13970.0,
    "pct1ResTime" : 7392.4000000000015,
    "pct2ResTime" : 7899.0,
    "pct3ResTime" : 8922.459999999995,
    "throughput" : 42.45512080563627,
    "receivedKBytesPerSec" : 34.19312917943717,
    "sentKBytesPerSec" : 16.59157258786769
  },
  "Login" : {
    "transaction" : "Login",
    "sampleCount" : 1133,
    "errorCount" : 0,
    "errorPct" : 0.0,
    "meanResTime" : 5334.400706090023,
    "minResTime" : 210.0,
    "maxResTime" : 9862.0,
    "pct1ResTime" : 8424.2,
    "pct2ResTime" : 8458.0,
    "pct3ResTime" : 9362.280000000004,
    "throughput" : 9.038259038259039,
    "receivedKBytesPerSec" : 4.580914493023868,
    "sentKBytesPerSec" : 3.857147655975781
  },
  "Page Returning 404" : {
    "transaction" : "Page Returning 404",
    "sampleCount" : 1033,
    "errorCount" : 0,
    "errorPct" : 0.0,
    "meanResTime" : 975.6060019361072,
    "minResTime" : 0.0,
    "maxResTime" : 7903.0,
    "pct1ResTime" : 2107.6,
    "pct2ResTime" : 2220.6,
    "pct3ResTime" : 3000.66,
    "throughput" : 9.708646616541355,
    "receivedKBytesPerSec" : 4.019986489661654,
    "sentKBytesPerSec" : 3.6691857818374056
  },
  "Pessoa" : {
    "transaction" : "Pessoa",
    "sampleCount" : 1067,
    "errorCount" : 1,
    "errorPct" : 0.09372071,
    "meanResTime" : 252.2942830365508,
    "minResTime" : 1.0,
    "maxResTime" : 7829.0,
    "pct1ResTime" : 267.8000000000002,
    "pct2ResTime" : 1180.0,
    "pct3ResTime" : 6048.839999999999,
    "throughput" : 8.640375738926227,
    "receivedKBytesPerSec" : 12.238837342598591,
    "sentKBytesPerSec" : 3.2792540134828734
  }
}