{
  "Pessoa sem cache" : {
    "transaction" : "Pessoa sem cache",
    "sampleCount" : 4765,
    "errorCount" : 6,
    "errorPct" : 0.12591815,
    "meanResTime" : 1226.5236096537278,
    "minResTime" : 617.0,
    "maxResTime" : 30031.0,
    "pct1ResTime" : 1626.800000000001,
    "pct2ResTime" : 1852.6999999999998,
    "pct3ResTime" : 2770.0600000000013,
    "throughput" : 38.62678339818418,
    "receivedKBytesPerSec" : 9.314518989137484,
    "sentKBytesPerSec" : 15.031914024501459
  },
  "Partido" : {
    "transaction" : "Partido",
    "sampleCount" : 4702,
    "errorCount" : 4,
    "errorPct" : 0.085070185,
    "meanResTime" : 29.919608677158628,
    "minResTime" : 0.0,
    "maxResTime" : 30032.0,
    "pct1ResTime" : 9.0,
    "pct2ResTime" : 13.0,
    "pct3ResTime" : 25.0,
    "throughput" : 37.766764925582926,
    "receivedKBytesPerSec" : 12.43153292945438,
    "sentKBytesPerSec" : 14.371590137830218
  },
  "Total" : {
    "transaction" : "Total",
    "sampleCount" : 18898,
    "errorCount" : 17,
    "errorPct" : 0.08995661,
    "meanResTime" : 366.4769287755314,
    "minResTime" : 0.0,
    "maxResTime" : 30032.0,
    "pct1ResTime" : 1258.0,
    "pct2ResTime" : 1480.0999999999985,
    "pct3ResTime" : 2466.0099999999984,
    "throughput" : 142.0581823648801,
    "receivedKBytesPerSec" : 46.08433894140419,
    "sentKBytesPerSec" : 54.235137868337965
  },
  "Page Returning 404" : {
    "transaction" : "Page Returning 404",
    "sampleCount" : 4666,
    "errorCount" : 3,
    "errorPct" : 0.0642949,
    "meanResTime" : 17.50064294899274,
    "minResTime" : 0.0,
    "maxResTime" : 30031.0,
    "pct1ResTime" : 3.0,
    "pct2ResTime" : 5.0,
    "pct3ResTime" : 191.0,
    "throughput" : 37.856476410693276,
    "receivedKBytesPerSec" : 15.708137157214718,
    "sentKBytesPerSec" : 14.300953815261044
  },
  "Pessoa" : {
    "transaction" : "Pessoa",
    "sampleCount" : 4765,
    "errorCount" : 4,
    "errorPct" : 0.08394544,
    "meanResTime" : 180.26358866736624,
    "minResTime" : 0.0,
    "maxResTime" : 30031.0,
    "pct1ResTime" : 3.0,
    "pct2ResTime" : 6.0,
    "pct3ResTime" : 7337.020000000008,
    "throughput" : 39.719587216377974,
    "receivedKBytesPerSec" : 12.484502444963574,
    "sentKBytesPerSec" : 15.0761221538811
  }
}